A,aEff,G,T,bias,ecc,ecc_e6,log10ecc,apoKm,periKm,vr,stageFuelKg,exactTick,hardFail,failures,wallMs
13.2,13.199917535624998,0.57,4.81225,0.4,0.8247825154488101,824782.5154488101,-0.0836605542286456,320.0000043784678,-5728.52333224716,426.96801006822506,45316.765182925345,true,false,"",81046
13.2,13.199917535624998,0.57,4.81225,0.5,0.8286729693328627,828672.9693328628,-0.08161682727315843,320.00000491691196,-5744.125111892245,391.779707474449,45923.00469815499,true,false,"",89050
13.2,13.199917535624998,0.57,4.81225,0.6,0.8323074842622886,832307.4842622887,-0.07971620009347351,320.0000053379312,-5758.640648017163,449.2624140726317,46519.38262633173,true,false,"",85432
13.2,13.199917535624998,0.57,4.81225,0.7,0.8357050931059884,835705.0931059883,-0.07794695106833369,320.00000004044176,-5772.158047573709,443.46095981695544,47072.97744956853,true,false,"",80256
13.2,13.199917535624998,0.57,4.81225,0.8,0.8388943815826082,838894.3815826082,-0.07629271424074949,320.00000603619964,-5784.801192390662,424.91579680538786,47598.03615905815,true,false,"",81137
13.2,13.199917535624998,0.57,4.81225,0.9,0.8419004529741791,841900.4529741792,-0.07473925681369988,320.0000059510218,-5796.677935861037,441.5222760412045,48107.69376650411,true,false,"",86324
13.2,13.199917535624998,0.57,4.81225,1,0.8447392502841153,844739.2502841153,-0.07327732612541923,320.00000454194753,-5807.858256854363,459.31097290595056,48596.13507388598,true,false,"",95506
13.2,13.199917535624998,0.57,4.81225,1.1,0.8474276209976705,847427.6209976706,-0.0718973847398224,320.0000010539219,-5818.414460808977,510.19860566546504,49071.99402844337,true,false,"",96637
13.2,13.199917535624998,0.57,4.81225,1.2,0.8499756402949163,849975.6402949163,-0.07059352068228918,320.00000048608706,-5828.391238568084,486.9200560316392,49513.47070398966,true,false,"",98690
13.2,13.199917535624998,0.57,4.81225,1.3,0.8523987514233731,852398.7514233731,-0.06935719510323268,320.0000042992206,-5837.853476282084,483.1318924489463,49942.286174421206,true,false,"",97409
13.2,13.199917535624998,0.57,4.81225,1.4,0.8547087592959233,854708.7592959233,-0.06818184524597132,320.00000838066546,-5846.851026261581,523.553512159495,50365.00539166519,true,false,"",98372
13.4571,13.457325164062498,0.58,4.816875,0.4,0.7729147011805401,772914.70118054,-0.11186843214979984,320.00000410304216,-5513.977530548425,311.6172941632232,38211.6660842018,true,false,"",101317
13.4571,13.457325164062498,0.58,4.816875,0.5,0.780903591711373,780903.5917113731,-0.10740257965945801,320.00000324721447,-5547.836929638669,354.89832129302465,39231.52259085563,true,false,"",59429
13.4571,13.457325164062498,0.58,4.816875,0.6,0.7880282539587063,788028.2539587064,-0.1034582110404173,320.0000034852419,-5577.778220444259,324.4299188840849,40153.81638781163,true,false,"",62185
13.4571,13.457325164062498,0.58,4.816875,0.7,0.7944549441254369,794454.944125437,-0.09993072787454411,320.0000016033128,-5604.582334463942,375.0481902354136,41028.66773277121,true,false,"",62658
13.4571,13.457325164062498,0.58,4.816875,0.8,0.8002827876749349,800282.7876749348,-0.09675652372603863,320.00000340870116,-5628.723354632731,338.368655301035,41823.96551982292,true,false,"",62440
13.4571,13.457325164062498,0.58,4.816875,0.9,0.805616339398498,805616.339398498,-0.09387173406486089,320.0000019483697,-5650.680270341009,361.5771169508547,42583.13135350689,true,false,"",62379
13.4571,13.457325164062498,0.58,4.816875,1,0.8105227779869412,810522.7779869412,-0.09123477573831076,320.00000428808664,-5670.764626705505,419.7162661294873,43305.625255858045,true,false,"",60346
13.4571,13.457325164062498,0.58,4.816875,1.1,0.8150528321703635,815052.8321703635,-0.08881423914174716,320.00000201149004,-5689.211856764307,404.4179601845558,43971.15038270639,true,false,"",56274
13.4571,13.457325164062498,0.58,4.816875,1.2,0.8192583212460126,819258.3212460126,-0.08657913877332825,320.00000066415777,-5706.2551649538755,393.4480553003131,44602.14060146251,true,false,"",59340
13.4571,13.457325164062498,0.58,4.816875,1.3,0.8231788699797201,823178.8699797201,-0.08450578592417779,320.00000525153615,-5722.07289724818,388.15667577312314,45202.54188889066,true,false,"",58612
13.4571,13.457325164062498,0.58,4.816875,1.4,0.8268516347144986,826851.6347144987,-0.08257241064733052,320.0000002645813,-5736.829337119564,451.11017476775925,45789.78596253435,true,false,"",55269
13.7143,13.714226421874999,0.59,4.82125,0.4,0.6213627439253416,621362.7439253416,-0.20665479001361686,320.0000000499273,-4808.449059498618,113.01810211610689,23945.106699239233,true,false,"",66760
13.7143,13.714226421874999,0.59,4.82125,0.5,0.6557197821715257,655719.7821715258,-0.1832817140636377,320.0000016683182,-4979.714492108394,174.86080559742743,26597.362803248307,true,false,"",64510
13.7143,13.714226421874999,0.59,4.82125,0.6,0.6813684831433413,681368.4831433413,-0.16661795869518925,320.0000003494369,-5103.006992653086,141.30658147931922,28753.41415827628,true,false,"",61547
13.7143,13.714226421874999,0.59,4.82125,0.7,0.7015877468596943,701587.7468596942,-0.1539180044733869,320.0000012120158,-5197.580415962467,185.43233130928905,30611.919441590122,true,false,"",59868
13.7143,13.714226421874999,0.59,4.82125,0.8,0.7180809054676854,718080.9054676854,-0.14382662146984027,320.00000042873063,-5273.076930350901,198.39456325689085,32222.18912505303,true,false,"",59169
13.7143,13.714226421874999,0.59,4.82125,0.9,0.7319092016527639,731909.2016527639,-0.13554279280369827,320.0000017733453,-5335.2669889940225,212.72291388717323,33649.96318977548,true,false,"",60177
13.7143,13.714226421874999,0.59,4.82125,1,0.7437527831418514,743752.7831418514,-0.12857139611934434,320.00000341531916,-5387.74701514523,270.70720220083774,34944.665227176825,true,false,"",56677
13.7143,13.714226421874999,0.59,4.82125,1.1,0.7540413330852607,754041.3330852607,-0.12260484744739913,320.00000010260845,-5432.761311258813,260.13790742174945,36102.39412449141,true,false,"",57898
13.7143,13.714226421874999,0.59,4.82125,1.2,0.7631174541934655,763117.4541934655,-0.11740861305121145,320.00000295516384,-5472.034868141218,301.10608996855507,37175.907735479035,true,false,"",57259
13.7143,13.714226421874999,0.59,4.82125,1.3,0.7712029748856726,771202.9748856726,-0.1128313038278138,320.0000026362836,-5506.682969512879,337.6586111317125,38165.31399566309,true,false,"",56998
13.7143,13.714226421874999,0.59,4.82125,1.4,0.778469099369855,778469.099369855,-0.10875862168224841,320.0000020063715,-5537.551020152126,326.3775342432138,39072.013071994734,true,false,"",56593
13.9714,13.971270149999999,0.6,4.8255,0.4,0.02721893102423229,27218.93102423229,-1.565128934951692,319.99993561134113,-34.59217757908814,57.50522466725496,1407.9263359748675,true,false,"",72968
13.9714,13.971270149999999,0.6,4.8255,0.5,0.06591181925394397,65911.81925394398,-1.1810367010886218,319.99998185142596,-507.4905731188925,71.90021158283872,2193.8536429443648,true,false,"",70739
13.9714,13.971270149999999,0.6,4.8255,0.6,0.13873111222121745,138731.11222121745,-0.8578261319276013,320.00000106420833,-1310.323192984918,75.94635594167826,3833.4041294342755,true,false,"",69217
13.9714,13.971270149999999,0.6,4.8255,0.7,0.25289840543574016,252898.40543574016,-0.5970539089420416,320.00000120006314,-2381.165909352003,60.55682057663091,6883.155207314022,true,false,"",63970
13.9714,13.971270149999999,0.6,4.8255,0.8,0.37741431150492455,377414.31150492455,-0.4231816354647514,320.00000025526714,-3346.695107067586,41.254707366957376,11111.958252531167,true,false,"",61493
13.9714,13.971270149999999,0.6,4.8255,0.9,0.47422915576595426,474229.15576595423,-0.3240117489680714,320.00000107143165,-3984.713780131053,71.9889451467142,15328.406269870835,true,false,"",61336
13.9714,13.971270149999999,0.6,4.8255,1,0.5415393260233238,541539.3260233238,-0.2663699998793305,320.0000001732707,-4381.066744407553,94.36426471460193,18903.877126350624,true,false,"",64021
13.9714,13.971270149999999,0.6,4.8255,1.1,0.5893413134672433,589341.3134672432,-0.22963311332203543,320.00000136321785,-4642.1597258135935,151.11708918316666,21877.34554806104,true,false,"",62082
13.9714,13.971270149999999,0.6,4.8255,1.2,0.6248896784050246,624889.6784050246,-0.2041966487183538,320.0000004867306,-4826.363957731448,180.6755786175656,24363.056997030126,true,false,"",60838
13.9714,13.971270149999999,0.6,4.8255,1.3,0.6524764440689874,652476.4440689874,-0.1854351627567618,320.00000134800655,-4963.8512799388545,154.49974264358892,26471.98287127748,true,false,"",61160
13.9714,13.971270149999999,0.6,4.8255,1.4,0.6746637757670487,674663.7757670487,-0.1709126074774568,320.000002068989,-5071.142256305306,171.72095701570578,28321.327876486335,true,false,"",59911
14.2286,14.22841936078125,0.61,4.829625,0.4,0.0029633108112924076,2963.310811292408,-2.5282227945037565,319.998082362785,280.4602313924171,-22.392497139524444,1044.1262605112936,true,false,"",72373
14.2286,14.22841936078125,0.61,4.829625,0.5,0.001546875240213829,1546.8752402138289,-2.810544711944862,319.9977650651317,299.3294588061301,3.9604547730705226,999.4534565311079,true,false,"",68567
14.2286,14.22841936078125,0.61,4.829625,0.6,0.003972139998553152,3972.139998553152,-2.4009754531455303,319.99905855416506,267.05419299085906,28.389763220044706,1049.7535640770786,true,false,"",67280
14.2286,14.22841936078125,0.61,4.829625,0.7,0.011898385681948455,11898.385681948455,-1.9245119576814154,319.999765570865,162.64780822993814,50.77328893873537,1199.5464376811244,true,false,"",67419
14.2286,14.22841936078125,0.61,4.829625,0.8,0.027734521396557816,27734.521396557815,-1.5569793241650767,319.9998811583165,-41.12777487523481,69.70710003701018,1496.4778010552757,true,false,"",66023
14.2286,14.22841936078125,0.61,4.829625,0.9,0.054868462608299716,54868.46260829971,-1.2606772083857676,320.0000135930255,-376.0581151146954,86.85019218776239,2054.18157616365,true,false,"",66290
14.2286,14.22841936078125,0.61,4.829625,1,0.09765862780989516,97658.62780989516,-1.0102893822306516,320.00000104624314,-870.5958039208232,99.30133882243432,2975.259403524344,true,false,"",66775
14.2286,14.22841936078125,0.61,4.829625,1.1,0.1600485858772024,160048.5858772024,-0.7957481587484705,320.0000118131926,-1526.2762614952521,108.39100649848481,4454.02688642376,true,false,"",64819
14.2286,14.22841936078125,0.61,4.829625,1.2,0.24126940697962798,241269.406979628,-0.6174977432476785,320.00000510148334,-2281.101084241674,98.663453192746,6641.499382489751,true,false,"",67592
14.2286,14.22841936078125,0.61,4.829625,1.3,0.330931995083217,330931.99508321704,-0.4802612424613099,320.0000013998337,-3007.3916125144547,94.72256070589123,9512.535376624986,true,false,"",64724
14.2286,14.22841936078125,0.61,4.829625,1.4,0.4138492194969432,413849.2194969432,-0.383157859526364,320.00000101289805,-3597.0586073420795,100.89181523729376,12704.569189744478,true,false,"",64091
14.4857,14.485636997187498,0.62,4.833625,0.4,0.016760267290997437,16760.267290997435,-1.775719059567341,319.99973777209505,99.41097627801727,-97.6038618842306,1445.6136770384012,true,false,"",67635
14.4857,14.485636997187498,0.62,4.833625,0.5,0.010484364316676863,10484.364316676863,-1.9794578963506353,319.99971911540257,181.153674237852,-69.90997043853541,1312.2880241292546,true,false,"",65253
14.4857,14.485636997187498,0.62,4.833625,0.6,0.005590712291729815,5590.712291729815,-2.2525328567538767,319.9996222320162,245.60065777316504,-42.65813702525469,1187.5349432500113,true,false,"",65905
14.4857,14.485636997187498,0.62,4.833625,0.7,0.0025545251323952425,2554.5251323952425,-2.592689820205488,319.9981465040138,285.9006036819955,-15.743018048818708,1111.060658802248,true,false,"",66401
14.4857,14.485636997187498,0.62,4.833625,0.8,0.00199605289221854,1996.05289221854,-2.69982795478497,319.99782382156513,293.339863404423,10.019069423314754,1080.987668110768,true,false,"",66372
14.4857,14.485636997187498,0.62,4.833625,0.9,0.00473820733032132,4738.20733032132,-2.324385939720376,319.9995874884296,256.89191812478003,34.019416938302626,1139.4056486723784,true,false,"",67592
14.4857,14.485636997187498,0.62,4.833625,1,0.011862911557369047,11862.911557369047,-1.925808707420804,319.9999281268185,163.11159973544721,56.47649107291392,1277.900892477794,true,false,"",67197
14.4857,14.485636997187498,0.62,4.833625,1.1,0.02477828999112491,24778.28999112491,-1.605928668623547,319.9998622555109,-3.565803677906282,76.28141007394095,1518.5046924553674,true,false,"",64596
14.4857,14.485636997187498,0.62,4.833625,1.2,0.04525037170772484,45250.371707724844,-1.3443778489460543,319.9999412806835,-259.3258214925956,93.2240499248215,1923.2334350882563,true,false,"",65874
14.4857,14.485636997187498,0.62,4.833625,1.3,0.07534177486884167,75341.77486884166,-1.1229641530912766,319.99996483187846,-617.5843916566008,107.3242086542239,2553.0543648381554,true,false,"",65920
14.4857,14.485636997187498,0.62,4.833625,1.4,0.11705473753992357,117054.73753992358,-0.9316110044721853,320.00000670554766,-1082.2826627890663,116.01336665834658,3484.0141102698185,true,false,"",64518
14.7429,14.7428859375,0.63,4.8375,0.4,0.04506725367761823,45067.253677618224,-1.3461389062954778,319.99999363336804,-257.082472607675,-207.72617912856668,2191.6283843010874,true,false,"",64970
14.7429,14.7428859375,0.63,4.8375,0.5,0.036872365094024175,36872.36509402417,-1.4332990046683298,319.9997269114526,-155.87945181913767,-180.29129785463954,2012.4643986761566,true,false,"",66784
14.7429,14.7428859375,0.63,4.8375,0.6,0.029110747052025286,29110.747052025286,-1.5359466493736496,319.9997785502793,-58.54063148138765,-153.06514111481954,1842.216512021392,true,false,"",65750
14.7429,14.7428859375,0.63,4.8375,0.7,0.021921982142709094,21921.982142709094,-1.6591201803554474,319.99989510986677,32.93300980827771,-126.72309758196384,1668.870662290408,true,false,"",66365
14.7429,14.7428859375,0.63,4.8375,0.8,0.015489479007416316,15489.479007416316,-1.8099631896009871,319.99993037429635,115.88141392948106,-98.76496714021027,1540.1893967939661,true,false,"",65482
14.7429,14.7428859375,0.63,4.8375,0.9,0.01002052716829028,10020.52716829028,-1.9991094301397214,319.99906688240077,187.23475936743338,-71.64700151503378,1416.9628575253598,true,false,"",68881
14.7429,14.7428859375,0.63,4.8375,1,0.00578106899134322,5781.06899134322,-2.237991847718662,319.9986234444799,243.08103997493535,-44.744151883782074,1296.6308520372613,true,false,"",72388
14.7429,14.7428859375,0.63,4.8375,1.1,0.0031007910259368988,3100.7910259368987,-2.5085275015281048,319.99953127384373,278.63301758601705,-18.189892891612526,1232.7126643096417,true,false,"",72279
14.7429,14.7428859375,0.63,4.8375,1.2,0.0023733261994509786,2373.3261994509785,-2.6246425665085353,319.99723841777165,288.3125983114736,7.441751666026203,1196.290791457675,true,false,"",71857
14.7429,14.7428859375,0.63,4.8375,1.3,0.0040829984763000055,4082.9984763000057,-2.389020782147692,319.9983232825734,265.58183380840535,31.567570507077722,1225.4572166617425,true,false,"",73314
14.7429,14.7428859375,0.63,4.8375,1.4,0.008807343554453019,8807.343554453018,-2.055155062485773,319.99996782952826,203.16906683336012,54.33541683450439,1319.2895409965658,true,false,"",71461
15,15.000189760156248,0.65,4.803875,0.4,0.08475780749041517,84757.80749041517,-1.071820286118036,319.9998565319004,-725.6058516590269,-344.81115678810056,3310.530281712957,true,false,"",70185
15,15.000189760156248,0.65,4.803875,0.5,0.07630929273605508,76309.29273605508,-1.117422571635589,319.9998941539936,-628.7710085332188,-322.60251632124323,3097.9299373122617,true,false,"",82901
15,15.000189760156248,0.65,4.803875,0.6,0.0679480013961724,67948.00139617239,-1.1678233129620832,319.99994706914856,-531.4274129724903,-296.1046741265134,2905.26438337672,true,false,"",83856
15,15.000189760156248,0.65,4.803875,0.7,0.05971415765132755,59714.15765132755,-1.2239226896259918,319.999969557046,-434.0664438099032,-271.55495983636484,2707.566094986808,true,false,"",82203
15,15.000189760156248,0.65,4.803875,0.8,0.051665688611759554,51665.68861175956,-1.2867977778629764,319.99979416016305,-337.42416786479856,-245.68381767789174,2520.83970100715,true,false,"",85413
15,15.000189760156248,0.65,4.803875,0.9,0.043865795348899735,43865.79534889974,-1.3578739918609435,319.99984915375336,-242.34452762390765,-219.7943689778067,2339.5285475985957,true,false,"",84530
15,15.000189760156248,0.65,4.803875,1,0.036393489296005534,36393.48929600554,-1.4389763035961356,319.99985096218904,-149.91593675850797,-192.4325017882431,2177.993120623693,true,false,"",82897
15,15.000189760156248,0.65,4.803875,1.1,0.02933550337234158,29335.50337234158,-1.532606455258978,319.9997953887107,-61.379932443255555,-166.7898371160225,2007.5938890797108,true,false,"",64332
15,15.000189760156248,0.65,4.803875,1.2,0.022802862286202638,22802.86228620264,-1.6420106355836321,319.999838279523,21.655057491065936,-139.88281822435385,1861.3038905377184,true,false,"",61733
15,15.000189760156248,0.65,4.803875,1.3,0.016919240259064734,16919.240259064733,-1.7716191424024215,319.99937269243225,97.35312611144595,-113.01317587808612,1728.5854443916412,true,false,"",59800
15,15.000189760156248,0.65,4.803875,1.4,0.011829666999296414,11829.666999296414,-1.9270274804273124,319.99953435914034,163.54573790414724,-86.45036862040554,1597.0121338789615,true,false,"",50648
