T,T_ticks,lead,lead_ticks,deploy,vrEnd,vrMin,margin,apo,peri,ecc,boosterFuelKg,stageResidualKg,score,hardFail,failureIds
4.819,385.52,5.45,436,,-0.32903261521563615,-0.8438410226766987,5393.922082331569,,,,52625.12754561021,,1015369.0326152156,1,circ_end_vr_below_cliff_margin|payload_not_cleared|no_final_orbit
4.819,385.52,5.475,438,,-0.3077008051540478,-0.8199114650775995,5396.929859741342,,,,52625.12754561021,,1015347.700805154,1,circ_end_vr_below_cliff_margin|payload_not_cleared|no_final_orbit
4.819,385.52,5.5,440,,-0.28636868236906954,-0.7959897953356828,5399.938684950392,,,,52625.12754561021,,1015326.3686823691,1,circ_end_vr_below_cliff_margin|payload_not_cleared|no_final_orbit
4.819,385.52,5.525,442,,-0.2650362504565996,-0.7720765354606224,5402.948484229809,,,,52625.12754561021,,1015305.0362504566,1,circ_end_vr_below_cliff_margin|payload_not_cleared|no_final_orbit
4.819,385.52,5.55,444,,-0.2437035082277728,-0.7481695680515664,5405.959184384146,,,,52625.12754561021,,1015283.7035082278,1,circ_end_vr_below_cliff_margin|payload_not_cleared|no_final_orbit
4.819,385.52,5.575,446,,-0.22237045468642488,-0.7242688808418833,5408.970712058482,,,,52625.12754561021,,1015262.3704546865,1,circ_end_vr_below_cliff_margin|payload_not_cleared|no_final_orbit
4.819,385.52,5.6,448,,-0.20103709720039523,-0.7003768364764908,5411.982992595631,,,,52625.12754561021,,1015241.0370972004,1,circ_end_vr_below_cliff_margin|payload_not_cleared|no_final_orbit
4.8195,385.56,5.45,436,,-0.16188524432237672,-0.6344645507840009,5416.5344355087445,,,,52625.12754561021,,1015201.8852443224,1,circ_end_vr_below_cliff_margin|payload_not_cleared|no_final_orbit
4.8195,385.56,5.475,438,,-0.14115953625418354,-0.6112609084597775,5419.633352323671,,,,52625.12754561021,,1015181.1595362541,1,circ_end_vr_below_cliff_margin|payload_not_cleared|no_final_orbit
4.8195,385.56,5.5,440,,-0.120433652676442,-0.5880635859781855,5422.732776074774,,,,52625.12754561021,,1015160.4336526764,1,circ_end_vr_below_cliff_margin|payload_not_cleared|no_final_orbit
4.8195,385.56,5.525,442,,-0.09970759792440731,-0.5648750639682881,5425.832625651628,,,,52625.12754561021,,1015139.7075979244,1,circ_end_vr_below_cliff_margin|payload_not_cleared|no_final_orbit
4.8195,385.56,5.55,444,,-0.07898135647791905,-0.5416940539146893,5428.9328228470895,,,,52625.12754561021,,1015118.981356478,1,circ_end_vr_below_cliff_margin|payload_not_cleared|no_final_orbit
4.8195,385.56,5.575,446,,-0.05825494252767886,-0.5185193341642769,5432.033284956208,,,,52625.12754561021,,1015098.2549425276,1,circ_end_vr_below_cliff_margin|payload_not_cleared|no_final_orbit
4.8195,385.56,5.6,448,,-0.03752835061649611,-0.495350888342605,5435.13393217131,,,,52625.12754561021,,1015077.5283506165,1,circ_end_vr_below_cliff_margin|payload_not_cleared|no_final_orbit
4.82,385.60,5.45,436,,-0.014465850896556257,-0.4477306316597629,5438.48660998333,,,,52625.12754561021,,1015054.4658508966,1,circ_end_vr_below_cliff_margin|payload_not_cleared|no_final_orbit
4.82,385.60,5.475,438,584.6124999999354,0.0057275103326862595,-0.425172275255259,0.8364525864695426,320.11110268341747,319.99902627892885,0.000008375092075023441,52625.12754561021,850.6973629543678,1000034.3845660718,1,circ_end_vr_below_cliff_margin
4.82,385.60,5.5,440,587.537499999946,0.02592097951023399,-0.40262100029631026,3.785468182533803,320.11094640361705,319.99919852459806,0.00000835054246375395,52625.12754561021,849.3610046159323,1000014.1907683688,1,circ_end_vr_below_cliff_margin
4.82,385.60,5.525,442,590.4624999999567,0.0461145570763278,-0.38007890713450315,6.734348187202371,320.110883448177,319.9994811243452,0.000008324720152263242,52625.12754561021,848.7362033709485,-525.6570121670309,0,
4.82,385.60,5.55,444,593.3874999999673,0.06630824345838096,-0.35754306088861204,9.683023207642965,320.11080649555475,319.9998370900452,0.000008292369452440103,52625.12754561021,848.3700586625934,-525.6543125254933,0,
4.82,385.60,5.575,446,596.312499999978,0.08650203907268914,-0.33501345010143463,12.631423878295161,320.11067117878514,320.0002511935951,0.000008251312952802098,52625.12754561021,848.0699794186778,-525.6516128216011,0,
4.82,385.60,5.6,448,599.2374999999886,0.10669594442933374,-0.3124920157877217,15.57948088585449,320.11047061940377,320.0007211262435,0.000008201209180530253,52625.12754561021,847.7672886026451,-525.6489130359442,0,
4.8205,385.64,5.45,436,603.2250000000031,0.12126040309228323,-0.27744330798503447,18.012825391371578,320.2850585599486,320.00198628675656,0.000021152757540114395,52625.12754561021,848.8481163436979,-525.6452760230222,0,
4.8205,385.64,5.475,438,606.1125000000136,0.1409425079195545,-0.2554999448559524,20.935233403609168,320.284745852639,320.00254367313534,0.000021087738844519792,52625.12754561021,848.6121852439819,-525.6426079566536,0,
4.8205,385.64,5.5,440,609.0125000000241,0.160624697130623,-0.23356538262686674,23.857106333309734,320.28436354368364,320.00316314617453,0.000021012879670136197,52625.12754561021,848.3005580326261,-525.6399273022759,0,
4.8205,385.64,5.525,442,611.9125000000347,0.1803069710683911,-0.2116381312822066,26.77837680000133,320.28392280797755,320.0038397558667,0.000020929384951215133,52625.12754561021,848.059887400275,-525.6372465747893,0,
4.8205,385.64,5.55,444,614.8000000000452,0.19998933008146644,-0.18971703859043412,29.69897750667469,320.2834275842635,320.00456599475444,0.000020838110018507477,52625.12754561021,847.8170412751844,-525.6345782857162,0,
4.8205,385.64,5.575,446,617.7000000000558,0.21967177448623884,-0.1678022414054487,32.61884124426564,320.2828660151679,320.00535558365567,0.00002073714352263603,52625.12754561021,847.5719449389462,-525.631897433688,0,
4.8205,385.64,5.6,448,620.6000000000663,0.23935430478752928,-0.14589720679826798,35.537900932645265,320.2822448236756,320.0062019655211,0.000020627477822830237,52625.12754561021,847.4010407514585,-525.629216484034,0,
4.821,385.68,5.45,436,622.8875000000746,0.25276826025807436,-0.11069596010773901,36.23150077169066,320.0089436825346,319.91722729826716,0.000006853750580805338,52625.12754561021,852.8280222065044,-525.627280996501,0,
4.821,385.68,5.475,438,625.6125000000845,0.27194078063165095,-0.08937347998103254,38.97561613756579,320.00978993812856,319.91658150365856,0.000006965247893591206,52625.12754561021,852.6521027686698,-525.6247692213022,0,
4.821,385.68,5.5,440,628.3250000000944,0.2911133403041508,-0.06805711064834728,41.718882778575065,320.01070568497573,319.915861714582,0.000007087467556769266,52625.12754561021,852.3973830428193,-525.6222698849955,0,
4.821,385.68,5.525,442,631.0375000001043,0.3102859481981443,-0.046746832770634655,44.46124637248338,320.01167058722024,319.9150898609953,0.000007217251144295255,52625.12754561021,852.2184358490625,-525.6197704877743,0,
4.821,385.68,5.55,444,633.7625000001142,0.3294585997505077,-0.025445330666205367,47.20265077745559,320.0126653113868,319.91428560600616,0.000007351684532573844,52625.12754561021,852.0381845359652,-525.6172585027954,0,
4.821,385.68,5.575,446,636.475000000124,0.34863129733338194,-0.004151005679881806,49.94304095958922,320.0137289477475,319.9134084337149,0.0000074967165044257606,52625.12754561021,851.8566153048109,-525.6147589460452,0,
4.821,385.68,5.6,448,639.1875000001339,0.3678040402824318,0.017137256645313084,52.682361574867784,320.0148419538932,319.9124786442891,0.000007649369717276944,52625.12754561021,851.6737263072146,-525.612087956102,0,