value,deploy,vrEnd,vrMin,margin,mecoT,boosterFuelKg,stageResidualKg,apo,peri,ecc,score,hardFail,failIds
50000,,-238.91893847925553,-291.94165048558955,4124.759231554107,135.65000000001356,50008.82754560999,,,,,1282953.1035278146,1,circ_vr_too_negative|circ_end_vr_below_cliff_margin|payload_not_cleared|no_final_orbit
52000,,-28.793258276462605,-37.24886841033296,4278.154686741281,134.9500000000142,52005.477545610156,,,,,1047358.1451174959,1,circ_vr_too_negative|circ_end_vr_below_cliff_margin|payload_not_cleared|no_final_orbit
54000,,,,,134.20000000001488,54002.127545610325,,,,,1018000,1,circ_never_burned|payload_not_cleared|no_final_orbit
56000,,,,,133.50000000001552,55998.777545610494,,,,,1018000,1,circ_never_burned|payload_not_cleared|no_final_orbit
58000,,,,,132.7500000000162,57995.42754561066,,,,,1018000,1,circ_never_burned|payload_not_cleared|no_final_orbit
60000,,,,,132.05000000001684,59992.07754561083,,,,,1018000,1,circ_never_burned|payload_not_cleared|no_final_orbit
62000,,,,,131.30000000001752,61988.727545611,,,,,1018000,1,circ_never_burned|payload_not_cleared|no_final_orbit
64000,,,,,130.60000000001816,63985.37754561119,,,,,1018000,1,circ_never_burned|payload_not_cleared|no_final_orbit
66000,,,,,129.85000000001884,66016.45254561138,,,,,1018000,1,circ_never_burned|payload_not_cleared|no_final_orbit
68000,,,,,129.10000000001952,68013.10254561155,,,,,1018000,1,circ_never_burned|payload_not_cleared|no_final_orbit
70000,,,,,128.40000000002016,70009.75254561171,,,,,1018000,1,circ_never_burned|payload_not_cleared|no_final_orbit
72000,,,,,127.65000000002046,72006.40254561188,,,,,1018000,1,circ_never_burned|payload_not_cleared|no_final_orbit
74000,,,,,126.9500000000203,74003.05254561205,,,,,1018000,1,circ_never_burned|payload_not_cleared|no_final_orbit
76000,,,,,126.20000000002013,75999.70254561222,,,,,1018000,1,circ_never_burned|payload_not_cleared|no_final_orbit
78000,,,,,125.50000000001997,77996.35254561239,,,,,1018000,1,circ_never_burned|payload_not_cleared|no_final_orbit
80000,,,,,124.7500000000198,79993.00254561256,,,,,1030412.1597814357,1,crashed|maxQ|circ_never_burned|payload_not_cleared|no_final_orbit